3kID,ID,QuickName,Name,Wizard,Realm,Dungeon,Scaling,Directions,ReturnDirections,Confirmed,Notes,TypicalClass
145,aaa,,???,???,???,,,,,,,
294,aab,,???,???,???,,,,,,,
338,aac,,???,???,???,,,,,,,
414,aad,,???,???,???,,,,,,,
565,aae,,???,???,???,,,,,,,
567,aaf,,???,???,???,,,,,,,
570,aag,,???,???,???,,,,,,,
658,aah,,???,???,???,,,,,,,
659,aai,,???,???,???,,,,,,,
475,aaj,,11 Melville Terrace,Solo,Chaos,,,"chaos,3w,2n,visit flat","leave,2s,3e",,,
214,aak,,3-Kingdoms Explorer's Inn,Kinslayer,Pinnacle,,,"cot,w,2d,n","s,2u,e",,,
66,aal,,3KP Newspaper Office,Casso,Pinnacle,,,"cot,s,2e,s,e","w,n,2w,n",,,
206,aam,,3Kraft,Kendric,Chaos,,,"chaos,4w,e,s,w,s,2e,grab joystick,2s,play 3kraft",,,,
585,aan,,A Dark Cavern,To,Fantasy,,,,,,,
40,aao,,A Gigantic Bedroom,Bebe,Chaos,,,"chaos,3e,n,e","w,s,3w",,,
205,aap,,A hidden crevice,Kelson,Fantasy,,,,,,,
48,aaq,,A High Tor,Bran,Fantasy,,,,,,,
367,aar,,A Quiet Swamp,Polsy,Science,,,"science,u,4n,d,4n,13e,path",,,,
110,aas,,A Spectral Warehouse,Doh,Chaos,,,"chaos,4w,e,s,w,s,2e,n,enter warehouse","enter hole,s,2w,n,e,n,2w,3e",,,
167,aat,,Abandoned Building,Groosh,Science,,,,,,,
332,aau,,Abandoned Drow Temple,Peeron,Fantasy,,,,,,,
593,aav,,Abandoned Forest Home,Tranzic,Fantasy,,,,,,,
426,aaw,,Abandoned Garden,Salrylia,Fantasy,,,"wayhaven,15e,leave,16e,6n",,,,
116,aax,,Abbey of Tyr,Druss,Fantasy,,,,,,,
399,aay,,Aegis Global,Rumor,Science,,,"science,u,4n,d,18n,25e,4n,e,bridge,e,2se,2e,enter","exit,2w,2nw,bridge,2w,4s,25w,18s,u,4s,d",,,
123,aaz,,Aiden's Tomb,Dynon,Fantasy,,,,,,,
303,aba,,Air Force Base,Nanook,Science,,,"science,u,4n,d,15n,24e",,,,
482,abb,,Airport Arcade,Steel,Science,,,,,,,
102,abc,,Alagon's Hill,Devesine,Fantasy,,,,,,,
222,abd,,Alchemy School,Kohl,Fantasy,,,"wayhaven,7w,3s,e,n",,,,
213,abe,alchemy,Alchemy Shop,Kino and Tensor,Pinnacle,,,"cot,n,w,2n,w","e,2s,e,s",,,
6,abf,,Alfonzo's Nightmare,Alfonzo and Tuesdai,Chaos,,,"chaos,w,7n,w,n","s,e,7s,e",,,
103,abg,,Alien Ship,Distortion,Science,,,"science,u,4n,d,21n,11w",,,,
92,abh,,Alizarian Tower,Darrkin,Fantasy,,,"wayhaven,12w,leave,4w,11n,5w,nw,sw,se,sw","ne,nw,ne,se,5e,11s,4e,enter,12e",,,
469,abi,,Alpha Team and Alien Ship,Slister,Science,,,"science,u,4n,d,3n,e","w,3s,u,4s,d",,,
210,abj,,Alpha Team and Alien Ship 2.0,Kikipopo,Science,,,"science,u,4n,d,3n,e","w,3s,u,4s,d",,,
378,abk,alphabet,Alphabet Land,Rastafan,Chaos,Y,Y,"chaos,2e,d","u,2w",,,
555,abl,,Alternate Laboratory,Tharog,Chaos,,,,,,,
333,abm,,Amethyst Tower,Peeron,Fantasy,,,,,,,
400,abn,,Anchorman,Rumor,Chaos,Y,,,,,,
476,abo,,Ancient Dolmen,Solo,Fantasy,,,,,,,
247,abp,,Ancient Pirate Ship,Lostar,Fantasy,,,"wayhaven,12n,leave,8n,7e,16n,climb","overboard,16s,7w,8s,enter,12s",,,
9,abq,,Android Showroom,Andeddu,Chaos,,,"chaos,3e,2s,2e,2n,flick switch","leave,2s,2w,2n,3w",,,
497,abr,,Angel Garden,Surielle,Fantasy,,,,,,,
269,abs,,Angelo,Mischief and Keeble,Fantasy,,,,,,,
285,abt,,Angelo Well,Monte,Fantasy,,,,,,,
531,abu,,Ant Caves,Tensor,Fantasy,,,,,,,
164,abv,,Antietam Battlefield,Green,Chaos,,,,,,,
477,abw,,Antimammonist Vault,Solo,Science,,,,,,,
45,abx,,Aquarium,Blizzard,Chaos,,,"chaos,3e,2s,2e,n,3e,n,2w,3n,e","out,3s,2e,s,3w,s,2w,2n,3w",,,
14,aby,,Archon,Aneki and Adalius,Chaos,,,"chaos,e,climb pipe,u","d,slide,w",,"6k-9k, Great White is 20k",
532,abz,,ArenaTAG!,Tensor,Pinnacle,,,"cot,2s,d,2e,s","n,2w,u,2n",,,
56,aca,,Arendia (DEFUNCT),Briareos,Fantasy,,,N/A,N/A,,Defunct,
122,acb,,Arovian Graveyard,Druss and Darkfyre,Fantasy,,,,,,,
27,acc,,Aruwin's Windmill,Asheratyluk,Fantasy,,,,,,,
626,acd,,Ashridge Acres,Urian,Chaos,,,"chaos,(find bingo ball)",,,,
60,ace,,Askar's Aviary,Cailet,Fantasy,,,"wayhaven,7w,3n,2e,enter,s,e,enter",,,,
248,acf,,Askar's Manor,Lostar,Fantasy,,,"wayhaven,7w,3n,2e,enter","leave,2w,3s,7e",,,
76,acg,atlanta,Atlanta,Cletus,Science,,,"science,u,4n,d,7n,18e","18w,7s,u,4s,d",,,
668,ach,,Atlantis,Woof and Alfonzo,Chaos,,,"chaos,3w,s,dive into bucket","u,n,3e",,,
67,aci,,Aunt May's Cottage,Casso,Fantasy,,,,,,,
456,acj,,Aurora Missile Base,Skeet,Science,,,"science,u,4n,d,10n,13w",,,,
522,ack,,Azra's Tunnel,Tarin,Fantasy,,,,,,,
223,acl,,Azral's Tower,Kohl,Fantasy,,,"wayhaven,12n,leave,5n,7w,enter",,,,
249,acm,,Azziruth's Lair,Lostar,Fantasy,,,,,,,
1,acn,,B Sharp Jazz Club,Adalius,Chaos,,,"chaos,(find A hip doorway)",(none),,,
295,aco,,Balooga,Mos,Fantasy,,,"wayhaven,12n,leave,8n,4e,6n,13w,enter","leave,2s,13e,6s,4w,8s,enter,12s",,,
28,acp,,Balur's Cave,Askye,Fantasy,,,,,,,
162,acq,,Bandit Camp,Gogmagog,Science,,,,,,,
451,acr,,Bandit Hut,Shadowlotus,Fantasy,,,"wayhaven,12n,leave,2n,3w,enter",,,,
679,acs,,Banyan Tree,Zimpor,Fantasy,,,,,,,
611,act,,Barney's Studio,Tuesdai and Chaos,Chaos,,,"chaos,w,3s","3n,e",,,
533,acu,,Barovia,Tensor,Fantasy,,,,,,,
351,acv,,Barracks,Pistil,Newbieland,,,"bin,4s,u,3n,enter mirror 1",hole,,,
149,acw,,Barrow (DEFUNCT),Gabriel,Fantasy,,,,,,,
165,acx,,Battlestar Galactica,Green,Science,,,,,,,
327,acy,,BBN Planet,Oneiros,Chaos,,,"chaos,2w,open manhole","u,2e",,,
464,acz,,Beavis and Butthead,Slick,Chaos,,,"chaos,3e,2s,2e,n,3e,n,2w,sw","ne,2e,s,3w,s,2w,2n,3w",,,
612,ada,,Bennebroek Manor,Tulip,Chaos,,,"chaos,n,w,2n,e,n,enter,2e,s,w,ne,pull weeds",,,,
230,adb,,Billy Bob's Big Top Circus,Koronin,Chaos,,,"chaos,3e,2s,w","e,2n,3w",,,
63,adc,,Blingdenwood,Calaran,Fantasy,,,"wayhaven,15e,leave,2e,5ne,4e,2e,7s,enter",,,,
272,add,,Body Mansion,Mischief and Simetra,Chaos,,,"chaos,3e,5s,out2,s","2n,out1,4n,3w",,,
479,ade,,Boggart Vale,Sorva,Fantasy,,,"wayhaven,12w,leave,sw,trail","trail,ne,enter,12e",,,
141,adf,,Bomb Shelter,Flaxen,Science,,,"science,u,4n,d,12n,2w",,,,
498,adg,,Bombfreaks' Abbey,Syd,Science,Y,,"science,u,4n,d,8n,2e,path","path,2s,8s,u,4s,d",,,
73,adh,,Borg Cube,Cirrus,Science,,,,,,,
586,adi,,Bots 'R' Us,Toad,Science,,,,,,,
291,adj,,Bowling City,Mors,Chaos,,,"chaos,2n,u,pay 500,2n",,,,
515,adk,,Brewery Swamp,Talismon,Chaos,,,"chaos,2e,2s,sw","ne,2n,2w",,,
529,adl,,Bridge Club,Telcontar,Pinnacle,,,"cot,2s,u,s","n,d,2n",,,
627,adm,,Browning Estate,Urian,Chaos,,,"chaos,3e,5s,out2,admire ring",,,,
627N,adn,,Browning Estate,Urian,Newbieland,,,"bin,4s,u,2n,enter mirror 5",hole,,,
255,ado,,Bukken Tunnels,Machina,Fantasy,,,,,,,
215,adp,,Burdog Gorge,Kinslayer,Chaos,,,"chaos,3w,3s",,Unconfirmed,,
630,adq,,Buried Trailer,Vermillion,Science,,,,,,,
187,adr,,Calvin and Hobbes,Infiniti,Chaos,,,"chaos,4w,e,s,w,s,3e,enter,nw,2n,read page",,,,
261,ads,camazots,Camazots,Mischief,Science,,,"science,u,4n,d,11n,2e,enter","leave,2w,11s,u,4s,d",,,
431,adt,,Cap'n Crunch Land,Santiago,Chaos,,,,,,,
168,adu,carebears,Care Bears,Groosh,Chaos,,,"chaos,3e,s,climb rainbow","slide rainbow,n,3w",,,
516,adv,carinas,Carina's Observatory,Talismon,Chaos,,,"chaos,2s,w","e,2n",,,
342,adw,carnegie,Carnegie Hall,Pfunk,Science,,,"science,u,4n,d,18n,25e,4n,e,bridge,2e,n,enter","out,s,w,bridge,2w,4s,25w,18s,u,4s,d",,,
38,adx,,Carnegie Hall 2.0,Balthus and Pfunk,Science,Y,Y,,,,,
104,ady,,Casaria,Distortion,Fantasy,,,,,,,
315,adz,,Catacombs,Nanook and Beast,Fantasy,,,"wayhaven,12n,leave,8n,4e,6n,2w,n,d","u,s,2e,6s,4w,8s,enter,12s",,,
334,aea,,Catapult Crevice,Peeron,Fantasy,,,"wayhaven,12n,leave,11n,9e,8n",,,,
323,aeb,,Cave Hideout,Olower,Fantasy,,,,,,,
594,aec,,Cave in the Hills,Tranzic,Fantasy,,,,,,,
452,aed,,Cave of the Snowbeast,Shadowlotus,Fantasy,,,,,,,
655,aee,,Cavemaw,Wain,Fantasy,,,"wayhaven,12n,leave,6n,13w,cave",,,,
243,aef,,Cavern in the Dunes,Lockheed,Fantasy,,,"wayhaven,12n,leave,11n,9e,5n,4e,cave",,,,
117,aeg,,Chaos Candy Store,Druss,Chaos,,,"chaos,4w,e,s,enter store","out,n,2w,3e",,,
297,aeh,,Chaos Cinemaplex,Mos and Darklord,Chaos,,,"chaos,3e,2s,2e,s","n,2w,2n,3w",,,
613,aei,,Chaos Laundry,Tweety,Chaos,,,,,,,
217,aej,,Chaos Mall,Kintax,Chaos,,,"chaos,2n,u","d,2s",,,
34,aek,,Chaos Museum,Bake,Chaos,,,"chaos,3e,2n,w","e,2s,3w",,,
573,ael,,Chaos Overlands,Tiro,Chaos,,,,,,,
154,aem,,Chaotic Forest,Glorfindel,Chaos,,,"chaos,(find mist)",,,,
85,aen,,Chapel,Crossbone,Fantasy,,,,,,,
574,aeo,chess,Chess Board,Tiro,Chaos,Y,Y,"chaos,e,climb pipe","slide,w",,,
144,aep,chicagozoo,Chicago Zoo,Flaxen and Beast,Chaos,,,"chaos,3e,2s,2e,n,3e,n,2w,2n,3e","3w,2s,2e,s,3w,s,2w,2n,3w",,,
422,aeq,,Chinese Checkers,Safeire,Chaos,,,"chaos,w,ladder","ladder,e",,,
150,aer,,Clear Falls Valley,Ganzie,Fantasy,,,"wayhaven,12n,leave,6n,10w,n,nw",,,,
258,aes,,Cloud City,Manson,Chaos,,,"chaos,3e,2s,2e,n,3e,s,e","w,n,3w,s,2w,2n,3w",,,
324,aet,,Club Chaos,Olower,Chaos,,,"chaos,3e,2s,2e,skip rope","exit,2w,2n,3w",,,
124,aeu,,Codename:Kodiak,Dynon,Science,,,,,,,
124N,aev,,Codename:Kodiak,Dynon,Newbieland,,,"bin,4s,u,n,enter mirror 5",leave,,,
614,aew,,Collapsed Subway,Ulme,Science,,,"science,u,4n,d,16n,15e",,,,
138,aex,,Colosseum,Fido,Fantasy,,,,,,,
292,aey,,Community of Demon Summoners,Mors,Fantasy,,,,,,,
178,aez,,Contention Training Grounds,Hobbes,Science,,,"science,u,4n,d,12n,13w",,,,
517,afa,,Cove of the Three,Talismon,Fantasy,,,,,,,
492,afb,cowville,Cowville,Stelari and Casso,Chaos,,,"chaos,3e,2s,ride cow","path,2n,3w",,,
615,afc,,Crashed Plane,Ulme,Science,,,,,,,
274,afd,,Crashed Satellite,Mithrandir,Science,,,,,,,
680,afe,,Crevice in the Hills,Zimpor,Fantasy,,,,,,,
590,aff,,Crevice of the Mystic Seal,"Tramane, Thyros and Kendric",Fantasy,,,,,,,
64,afg,crydee,Crydee,Calico and Slick,Chaos,,,"chaos,4w,e,s,w,s,e,e,u","u,2w,n,e,n,2w,3e",,,
224,afh,,Crystal Caves,Kohl,Fantasy,,,,,,,
368,afi,,CybDom Inc.,Polsy,Science,,,,,,,
474,afj,,Cybers Insurance Company,Snookie,Science,,,,,,,
534,afk,,Cybertron (DEFUNCT),Tensor,Science,,,,,,,
77,afl,,D.C. Megatech,Cletus,Science,,,,,,,
151,afm,,Dan's Garage,Garet,Science,,,"science,u,4n,d,n,2w,ne","sw,2e,s,u,4s,d",,,
535,afn,,Dark Forest,Tensor,Newbieland,,,"bin,4s,u,n,nw,enter mirror 4",hole,,,
49,afo,,Darklynd Park,Bran,Fantasy,,,,,,,
115,afp,,Darkmoore,Drakacanus,Chaos,,,"chaos,3e,2s,2e,n,4e","4w,s,2w,2n,3w",,,
648,afq,,Darkmoore Mansion,Vraal,Chaos,,,,,,,
96,afr,,Dayln's Mind,Dayln,Chaos,,,"chaos,3e,2s,2e,fix typo",,,,
207,afs,,Dead or Alive 3,Kendric,Chaos,,,,,,,
262,aft,,Dead-End Alley,Mischief,Science,,,,,,,
238,afu,,Death Taco,Lime,Chaos,Y,Y,,,,,
379,afv,,Deep Mountain,Rastafan,Fantasy,,,,,,,
616,afw,,Deghna's Maze,Ulme,Fantasy,,,,,,,
536,afx,,Der'Thalas,Tensor,Fantasy,,,,,,,
113,afy,,Desert Caverns,Dozy,Fantasy,,,,,,,
640,afz,,Desert Caverns,Vivianne,Fantasy,,,,,,,
641,aga,,Desert Mine,Vivianne,Science,,,"science,u,4n,d,2n,3e,d","u,3w,2s,u,4s,d",,,
43,agb,,Desert Nomad Village,Blazen,Fantasy,,,,,,,
88,agc,,Desert Palace,Damo,Fantasy,,,,,,,
369,agd,,Desert Path,Polsy,Science,,,,,,,
635,age,,Desert Psionicist Tents,Vexorg,Fantasy,,,,,,,
195,agf,,Desert Ruins,Johnny,Fantasy,,,,,,,
636,agg,,Desert Stronghold,Vexorg,Fantasy,,,,,,,
352,agh,,Detroit,Pistil,Science,,,,,,,
173,agi,,Devourer Cavern,Heath,Fantasy,,,,,,,
2,agj,,Dexter's laboratory,Adalius,Chaos,,,"chaos,(find Chaos TV)",,,,
208,agk,,Diablo II,Kendric,Chaos,,,"chaos,4w,e,s,w,s,2e,grab joystick,2s",,,,
437,agl,,Diamond Mine,Seiger,Fantasy,,,,,,,
666,agm,,Disease Control Center,Woof,Pinnacle,,,"cot,n,e,n,u","d,s,w,s",,,
132,agn,,Disney,Elana,Newbieland,,,"bin,4s,u,3n,enter mirror 6",out,,,
155,ago,,Disney World,Glorfindel,Chaos,,,"chaos,3e,5s,sideways","d,out1,4n,3w",,,
273,agp,,Djinni Isle,Mischief and Zix,Fantasy,,,,,,,
401,agq,,Dog Pound,Rumor,Chaos,,,"chaos,2n,pull leash","exit,2s",,,
201,agr,,Doom (CLOSED),Jux,Science,,,(none),(none),,,
575,ags,,Dr. Seuss's Hunches,Tiro,Chaos,,,"chaos,3e,climb ladder","flee,3w",,,
631,agt,,Dragon Cave,Vermillion,Fantasy,,,"wayhaven,12n,leave,8n,4e,6n,9w,2s,enter","leave,2n,9e,6s,4w,8s,enter,12s",,,
229,agu,,Dragon Isle,Kohl and Timescape,Fantasy,,,,,,Take traveler from Porih in Serinth,
363,agv,,Dragon Isle,Polanna,Fantasy,,,,,,,
204,agw,,Dragon Knight,Keeble,Fantasy,,,,,,,
402,agx,,Dragon Labyrinth,Rumor,Fantasy,,,,,,,
12,agy,,Dragonball Z,Aneki,Chaos,,,"chaos,(find Chaos TV)",,,,
289,agz,,Dragonlance Chronicles,Morkin,Chaos,,,,,,,
87,aha,,Dreamville,Crowley,Fantasy,,,,,,,
320,ahb,,Drexler Nanolabs,Olfin,Science,,,,,,,
287,ahc,,Drug Lab,Morin,Science,,,,,,,
499,ahd,,Druid Copse,Syd,Fantasy,,,,,,,
298,ahe,,Dryad Tree,Mosiah,Fantasy,,,,,,,
105,ahf,,Duke Nukem,Distortion,Science,,,"science,u,3n,w,wear helmet",,,,
10,ahg,,Dundee Poachers,Andeddu,Chaos,,,,,,,
237,ahh,,Dune,Leto,Science,,,,,,,
633,ahi,,Duploland (II),Vermillion and Squeak,Newbieland,,,"bin,4s,u,2n,enter mirror 1",hole,,"Called ""Duploland"" on arealist",
328,ahj,,Durhal's Ant Caves,Orthas,Fantasy,,,,,,,
465,ahk,,Easter Bunny Academy,Slick,Chaos,,,"chaos,3e,2s,2e,n,3e,s,2w,enter hole",,,,
432,ahl,,Eiffel Tower,Santiago,Chaos,,,,,,,
617,ahm,,Einstein's Cottage,Ulme,Chaos,,,"chaos,3e,2s,2e,3n,trail","back,3s,2w,2n,3w",,,
26,ahn,,Electric Cave,Aserena and Frizzle,Chaos,,,"chaos,3w,3n",,,,
197,aho,,Elegon's Hut,Joker,Fantasy,,,,,,,
660,ahp,,Elemental Planes,Watson,Fantasy,,,,,,,
177,ahq,,Elemental Planes (Earth) (CLOSED),Highlord,Chaos,,,,,,,
595,ahr,,Elven Hills,Tuesdai,Newbieland,,,"bin,4s,u,2n,enter mirror 2",hole,,,
227,ahs,elvenwoods,Elven Woods,Kohl and Kintax,Fantasy,,,"wayhaven,15e,leave,11e,n,path","path,s,11w,enter,15w",,,
403,aht,,EMA Complex,Rumor,Science,,,,,,,
316,ahu,,Enchanted Jungle,Necrite,Chaos,,,,,,,
589,ahv,,Enchanted Spring,Tramane,Fantasy,,,"wayhaven,15e,leave,4e,2ne,n,2ne,4e,3n","3s,4w,2sw,s,2sw,4w,enter,15w",,,
304,ahw,,Environmentalist Camp,Nanook,Science,,,,,,,
156,ahx,,Epcot,Glorfindel,Chaos,,,,,,,
537,ahy,,Epic Quest,Tensor,Fantasy,,,,,,,
523,ahz,,Ethereal Tower,Tarin,Fantasy,,,,,,,
317,aia,,"European Robotics - Survey, Design and Development Office",Nermal,Science,,,,,,,
415,aib,,Everlynd Park Maze,Ryft,Fantasy,,,"wayhaven,7w,3n,w,2n","2s,e,3s,7e",,,
256,aic,,Evil Squirrel Tree,Machina,Chaos,,,,,,,
485,aid,,Excavation Site in the Icelands,Stelari,Fantasy,,,,,,,
618,aie,,Exobiology Laboratory,Ulme,Science,,,,,,,
591,aif,,Fachan Village,Trandamere,Fantasy,Y,,"wayhaven,15e,leave,6e,2s,2w,3s","3n,2e,2n,6w,enter,15w",,,
392,aig,,Faerie Glade,Requiem,Fantasy,,,,,,,
353,aih,,Fallout Shelter,Pistil,Science,,,,,,,
628,aii,,Fantasy Overlands,Various,Fantasy,,,,,,,
664,aij,,Farm of the Rampaging Piggies,Wizwise,Chaos,,,"chaos,s,turn flag",,,,
50,aik,,Faunist Guild,Bran,Fantasy,,,,,,,
128,ail,,Fidohell,Eek and Beefcake,Chaos,,,"chaos,3w,2n,se","nw,2s,3e",,,
376,aim,,Filthy Wayhaven Alley,Rakk,Fantasy,,,,,,,
448,ain,,Fire Giant Lair,Shadow,Fantasy,,,,,,,
78,aio,,"First Church of Christ, Computer Programmer",Cletus,Science,,,,,,,
101,aip,,Florida Sinkhole,Delenn,Science,,,,,,,
576,aiq,,Forest Beach and Cove,Tiro,Fantasy,,,,,,,
51,air,,Forest of Menhirs,Bran,Fantasy,,,,,,,
343,ais,,Forest of Types,Pfunk,Fantasy,,,,,,,
216,ait,,Forest of Unicorns,Kinslayer,Fantasy,,,,,,,
44,aiu,,Forest of Wolves,Blazen,Chaos,,,"chaos,3s",3n,,,
301,aiv,,Forgotten Sewers,Muzicchik and Ariakus,Science,,,,,,,
263,aiw,,Fort of Torrin Forest,Mischief,Fantasy,,,,,,,
161,aix,,Fraggle Rock,Gogglesman,Chaos,,,"chaos,2s,w,contort,enter rock",,,,
596,aiy,,Freaky Fruit Orchard,Tuesdai,Chaos,,,"chaos,3e,s,w,ne,4n,enter",,,,
21,aiz,,Freezer,Artex,Chaos,,,"chaos,(inside Wandering Refrigerator)",,,,
136,aja,,Frost Giant Lair,Fantasy,Fantasy,,,"wayhaven,12n,leave,8n,4e,6n,3w,9n,enter","leave,9s,3e,6s,4w,8s,enter,12s",,,
470,ajb,,Frosty Igloo,Slister,Chaos,,,"chaos,3e,2s,2e,n,3e,n,e","w,s,3w,s,2w,2n,3w",,,
389,ajc,,Funky Bathroom,Razorx,Chaos,,,"chaos,3s,2s,2e,n,e,turn faucet",,,,
293,ajd,,Funkytown,Mors,Chaos,,,"chaos,3e,3s,w",,,,
416,aje,,Fuzzy Aliens of Mars,Ryft,Science,,,,,,,
438,ajf,,Fwiffo's Cottage,Seiger,Fantasy,,,,,,,
240,ajg,,Gamal Islands,Lipscom,Fantasy,,,,,,,
152,ajh,,Game Room,Gerin,Pinnacle,,,,,,,
228,aji,,Game Show,Kohl and Sioux,Chaos,,,"chaos,2e,3n","3s,2w",,,
209,ajj,,Gamer's House,Kendric,Chaos,,,,,,,
244,ajk,,Ganeshan's Pit,Loomer,Fantasy,,,,,,,
439,ajl,,Gargoyle Den,Seiger,Fantasy,,,,,,,
538,ajm,,Gargoyle Lair,Tensor,Fantasy,,,,,,,
282,ajn,,Garou Cave,Miyurachi,Fantasy,,,,,,,
647,ajo,,Garrison on the Plains,Vlad,Fantasy,,,,,,,
15,ajp,,Gas Station,Angio,Science,,,,,,,
225,ajq,,Geloe's Cottage,Kohl,Fantasy,,,,,,,
354,ajr,,GenCorps,Pistil,Science,,,,,,,
524,ajs,,Genlab,Tarin,Science,,,,,,,
682,ajt,,Giant Camp,Zix,Fantasy,,,"wayhaven,12n,leave,8n,4e,6n,12w,enter","leave,12e,6s,4w,8s,enter,12s",,,
97,aju,,Gladiatorial Arena,Dayln,Pinnacle,,,"cot,s,2w,n,2w,2s,e","w,2n,2e,s,2e,n",,,
98,ajv,,Global Merc Training Theatre,Dayln,Science,,,,,,,
99,ajw,,"Global Merc, Detroit",Dayln,Science,,,,,,,
127,ajx,,Gnoll Outpost,Eek,Fantasy,,,,,,,
457,ajy,,Gnome House,Skeet,Fantasy,,,,,,,
335,ajz,,Goblin Caves (CLOSED),Peeron,Fantasy,,,,,,,
433,aka,,Good Humor Truck,Santiago,Chaos,,,"chaos,(find Good Humor Ice Cream Truck)",,,,
139,akb,,Goon Shop (DEFUNCT),Fido,Pinnacle,,,(none),(none),,,
417,akc,,Great Lighthouse of Land's End,Ryft,Fantasy,,,,,,,
233,akd,,Great Well of Crenda,Koronin and Tuesdai,Fantasy,,,,,,,
587,ake,,Greenhouse,Toasty,Chaos,,,,,,,
198,akf,,Gremlins,Joker,Chaos,,,"chaos,w,s,w","e,n,e",,,
321,akg,,Grindur,Olfin,Fantasy,,,"wayhaven,12n,leave,8n,4e,6n,11w,n,enter","leave,s,11e,6s,4w,8s,enter,12s",,,
455,akh,,Grocery Store,Sioux,Chaos,,,"chaos,3n",3s,,,
500,aki,,Grue Cave,Syd,Fantasy,,,,,,,
649,akj,,Gug City,Vraal,Chaos,,,,,,,
31,akk,,Guile's Forest,Aztec,Fantasy,,,,,,,
486,akl,,Hacketoff's Bridge,Stelari,Fantasy,,,,,,,
82,akm,,Halfways Space Station,Crolack,Newbieland,,,"bin,4s,u,n,enter mirror 2","mirror,s,d,4n",,,
404,akn,,Hall of Kings,Rumor,Fantasy,,,,,,,
46,ako,,Halloween Shop (CLOSED),Blizzard,Pinnacle,,,(none),(none),,,
7,akp,,Halo,Amish,Chaos,,,,,,,
597,akq,hamiltonplant,Hamilton Plant,Tuesdai,Science,,,"science,u,4n,d,26n,5e,d","u,5w,26s,u,4s,d",,,
142,akr,chinchilla,Happy Ed's Chinchilla Farm,Flaxen,Chaos,,,"chaos,3s,2s,2e,n,3e,s,2w,s","n,2e,n,3w,s,2w,2n,3w",,,
632,aks,,Harfain,Vermillion,Fantasy,,,,,,,
259,akt,,Harpy Forest,Manson,Fantasy,,,,,,,
191,aku,,Haunted House,It,Chaos,,,,,,,
525,akv,,Haunted Manor,Tarin,Fantasy,,,,,,,
364,akw,,Heaven,Polanna,Fantasy,,,,,,,
380,akx,,Hell,Rastafan,Fantasy,,,,,,,
140,aky,,Hellpit,Fido,Chaos,,,,,,,
218,akz,,Hermit's Hut,Kintax,Fantasy,,,,,,,
566,ala,,Hidden Bunkers,Thyros,Science,,,"science,u,4n,d,n,2e,d","u,2w,s,u,4s,d",,,
670,alb,hippies,Hippie Commune,Xiola,Chaos,,,"chaos,e,n,climb vines","s,w",,,
42,alc,,Hobgoblin Cave,Blackstaff and Pull,Fantasy,,,,,,,
174,ald,,Hockey Arena,Heath,Chaos,,,"chaos,3e,2s,2e,n,grab ticket",,,,
325,ale,,Hockey Hall of Fame,Olower,Chaos,,,"chaos,3w,wrist puck",,,,
526,alf,,Holy Shrine,Tarin,Fantasy,,,,,,,
???,alg,,Hotel Transylvania,Zan,Chaos,Y,Y,"chaos,3e,2s,2e,s,2w,(buy 5),theatre,e","w,s,2e,n,2w,2n,3w",,,
502,alh,,House of Cards,Takamori,Newbieland,,,"bin,4s,u,3n,enter mirror 2",leave,,,
52,ali,,Houses of the Wayhaven Rich,Bran,Fantasy,,,(none),(none),,Area has multiple entrances in NW Wayhaven,
619,alj,,HTC Kiosk,Ulme,Science,,,,,,,
355,alk,,HTC Northern Expansion Terminal,Pistil,Science,,,,,,,
360,all,,Humpty Dumpty,Ploppy,Chaos,,,,,,,
22,alm,,Hyperfunkzone,Artex,Chaos,,,"chaos,n,mist",,,,
23,aln,,Hyperfunkzone 2.0,Artex and Maphingis,Chaos,,,,,,,
370,alo,,ICARE,Polsy,Science,,,,,,,
539,alp,,Ice Cave,Tensor,Fantasy,,,,,,,
137,alq,,Ice Crevice,Fantasy,Fantasy,,,,,,,
181,alr,,Ice Fishing,Igor,Chaos,,,,,,,
163,als,,ICU,Gogmagog,Science,,,,,,,
445,alt,,Icy Grave,Serpentine,Fantasy,,,,,,,
193,alu,,Illuminati Pyramid,Jaxom,Chaos,,,"chaos,(find illumnati pyramid)",,,,
435,alv,,Impact Crater,Saragon,Science,,,,,,,
598,alw,,Incinerator,Tuesdai,Science,,,,,,,
61,alx,,Inn of the Last Home,Cailet,Chaos,,,"chaos,4w,e,s,w,s,3e,enter,nw,sit down",,,,
344,aly,,Innerspace,Pfunk,Chaos,,,,,,,
226,alz,,Black Pyramid,Kohl,Fantasy,,,"wayhaven,12n,leave,8n,4e,6n,2w,10n","10s,2e,6s,4w,8s,enter,12s",,"Called ""Inyxx Pyramid"" on arealist",
365,ama,,Island of Tapan,Polanna,Fantasy,,,"wayhaven,7w,8s,e,tapan",,,,
16,amb,,Isle of Bones,Aravan,Fantasy,,,,,,,
405,amc,,Isle of Equinity,Rumor,Fantasy,,,"wayhaven,12w,leave,12w,s,rent carpet,4e,4s,2,s,board airship",,,,
584,amd,,Isle of Kimlark,Tiro and Zetron,Fantasy,,,,,,,
250,ame,,Isle of Vilanthia,Lostar,Fantasy,,,,,,,
671,amf,,Jack's House,Xiola,Chaos,,,,,,,
58,amg,,Jaffa's Lair,Caalan,Fantasy,,,,,,,
231,amh,jags,Jag's Bar,Koronin,Chaos,,,"chaos,4e",4w,,,
106,ami,,Javelin's tower,Distortion,Fantasy,,,,,,,
642,amj,,Jeremy's Swamp,Vivianne,Science,,,,,,,
235,amk,,Jerusalem (CLOSED),Lagman and Raymond,Fantasy,,,,,,,
185,aml,,Jigokudani,Indium,Fantasy,,,,,,,
361,amm,,JJJ Enterprises,Ploppy,Chaos,,,,,,,
179,amn,,Kalaena's Fountain,Hobbes,Fantasy,,,,,,,
599,amo,,Kandy Mountain,Tuesdai,Chaos,,,,,,,
202,amp,,Karak's Hut,Jux,Fantasy,,,,,,,
665,amq,,Kareless Kanga's,Wizwise,Chaos,,,"chaos,(find arena ticket)",,,,
460,amr,,Karticos's Hovel,Skinless,Fantasy,,,,,,,
540,ams,katin,Katin,Tensor,Fantasy,,,"wayhaven,15e,leave,14e,8n","8s,14w,enter,15w",,,
572,amt,kazhir,Kazhir's Hut,Tinder,Fantasy,,,"wayhaven,12n,leave,8n,4e,7n,8e,enter","leave,8w,7s,4w,8s,enter,12s",,,
17,amu,,Kellen Mausoleum,Argoth,Fantasy,,,,,,,
319,amv,,Kelon,Olethros,Fantasy,,,,,,,
503,amw,,Kilton Research Inc.,Takamori,Science,,,,,,,
504,amx,,Kilton Research Inc. 2.0,Takamori,Science,,,,,,,
375,amy,,Kingdom of Zanros,Rajah,Fantasy,,,,,,,
527,amz,,Knights Garden & Library,Tarin,Pinnacle,,,,,,,
169,ana,,Knivur Ruins,Groosh,Fantasy,,,,,,,
418,anb,,New Kobold Cave,Ryft,Newbieland,,,"bin,4s,u,n,nw,enter mirror 2",s,,"Called ""Kobold Cave"" on arealist",
79,anc,,Kord Mutual Insurance,Cletus,Science,,,,,,,
600,and,,Kunzit's Hole,Tuesdai,Fantasy,,,,,,,
114,ane,,Kyoto,Dozy,Chaos,,,,,,,
182,anf,,Laboratory Maze,Igor,Chaos,,,"chaos,3e,2n,d","u,2s,3w",,,
147,ang,,Ladder,Frizzle,Chaos,,,,,,,
393,anh,,Lair of the Matriarch,Requiem,Fantasy,,,,,,,
251,ani,,Lair of the Ogre,Lostar,Fantasy,,,,,,,
592,anj,,Lair of the Owlbear,Trandamere,Fantasy,,,,,,,
454,ank,,Land of Myths and Fables,Siona,Chaos,,,,,,,
571,anl,,Newbieland,Timescape,Newbieland,,,"bin,4s,u,2n,enter mirror 5",hole,,"Called ""Land of Newbies"" on arealist",
371,anm,,Land of the Dinosaurs,Polsy,Chaos,,,,,,,
381,ann,icyblue,Land of the Ice People,Rastafan,Fantasy,Y,,"wayhaven,12n,leave,8n,4e,6n,w,6n,portal","portal,6s,e,6s,4w,8s,enter,12s",,"Commonly called ""Icy Blue Portal""",
171,ano,,Larem Cemetery,Halcyon,Fantasy,,,,,,,
264,anp,,Larissa's Funhouse,Mischief,Chaos,,,"chaos,2e,s,e,n","s,w,n,2w",,,
194,anq,,Last Chance Truck Stop,Jeffo,Science,,,,,,,
577,anr,,Lego Monster Lair,Tiro,Chaos,,,,,,,
634,ans,,Legoland,Vermillion and Squeak,Chaos,,,"chaos,2e,3s","3n,2w",,,
511,ant,,Lemuria Dream,Talimar,Fantasy,,,,,,,
118,anu,,Leprechaun Village,Druss,Chaos,,,"chaos,s,e","w,n",,,
281,anv,,Linux Fair,Miyuki,Chaos,,,,,,,
601,anw,,Little People Land,Tuesdai,Chaos,,,,,,,
65,anx,,Lleera's Tree,Calvin,Fantasy,,,,,,,
541,any,,Lonely Keep,Tensor,Fantasy,,,,,,,
11,anz,,Longshadow Orc Encampment,Andeddu,Fantasy,,,,,,,
239,aoa,,Looking-Glass Land,Lime,Chaos,,,,,,,
24,aob,,Lost City,Aserena,Science,,,,,,,
192,aoc,,Lost Ship,It,Chaos,,,,,,,
471,aod,,Lost Woods,Slister,Fantasy,,,,,,,
252,aoe,,Lostar's Bedroom,Lostar,Chaos,,,"chaos,2e,n,doorway","doorway,s,2w",,,
170,aof,,Lothlarian,Groosh,Newbieland,,,"bin,4s,u,n,ne,enter mirror 1",hole,,,
530,aog,,Luddite Commune,Telcontar,Science,,,,,,,
382,aoh,,Mage Tower,Rastafan,Fantasy,,,,,,,
305,aoi,,Magic The Gathering,Nanook,Chaos,,,"chaos,4w,e,s,w,s,3e,enter,2e,sit",,,,
406,aoj,,Mahjongg,Rumor,Chaos,Y,,"chaos,2w,2s,draw tile","exit,2n,2e",,,
407,aok,mantis,Mantis Swamp,Rumor,Science,,,"science,u,4n,d,3n,19e,enter","leave,19w,3s,u,4s,d",,,
408,aol,mantis2,Mantis Swamp 2.0,Rumor,Science,,,"science,u,4n,d,3n,19e,enter,e,se,2s,enter wormhole","enter wormhole,2n,nw,w,leave,19w,3s,u,4s,d",,,
260,aom,,Mantle Corps Super Max,Maphingis,Science,,,,,,,
336,aon,marbles,Marble Castle,Peeron,Fantasy,,,"wayhaven,12n,leave,5n,6e,enter","leave,6w,5s,enter,12s",,,
602,aoo,,Mario's Bistro,Tuesdai,Pinnacle,,,"cot,s,w,3s,e,s,e","w,n,w,3n,e,n",,,
306,aop,,Mars,Nanook,Science,,,,,,,
518,aoq,,Masque,Talismon,Fantasy,,,,,,,
603,aor,,McDonald's,Tuesdai,Chaos,,,"chaos,4w,e,n,w,2n",,,,
356,aos,,Medlar Castle,Pistil,Fantasy,,,"wayhaven,12n,leave,8n,4e,6n,6w,4n,path","path,4s,6e,6s,4w,8s,enter,12s",,,
268,aot,,Mega-Tokyo,Mischief and Aristocles,Science,,,"science,u,2w","2e,d",,,
604,aou,,Mega-Tokyo Bike Shop,Tuesdai,Science,,,,,,,
373,aov,,Mentos,Pyros,Chaos,,,"chaos,3e,3s,buy mentos",,,,
275,aow,,Mercenary Tent,Mithrandir,Science,,,,,,,
413,aox,,MicroTech,Rumor and Vaix,Science,,,,,,,
620,aoy,,Midgard and Valhalla,Ulme,Chaos,,,"chaos,(find ancient runestone)",,,,
307,aoz,midways,Midways Space Station,Nanook,Science,,,"science,2u,(wait for shuttle),enter shuttle,(wait for landing),exit","(wait for shuttle),enter shuttle,(wait for landing),exit",,,
71,apa,,Military Bunker,Chrome,Science,,,,,,,
302,apb,,Military Camp,Muzicchik and Ariakus,Science,,,,,,,
366,apc,,Mira's Cottage,Polanna,Fantasy,,,,,,,
483,apd,,MK ][ Machine,Steel,Science,,,"science,u,3n,w","e,3s,d",,,
337,ape,,Momentory Keep,Peeron,Fantasy,,,,,,,
70,apf,,Monkeytown,Chris,Chaos,,,"chaos,(find monkey doll)",,,,
308,apg,,Mortal Kombat,Nanook,Chaos,,,"chaos,4w,e,s,w,s,3e,enter,ne,press play",,,,
29,aph,,Mortimer's Church,Assassin,Science,,,,,,,
153,api,,Mos Eisley Cantina,Gerin,Science,,,,,,,
520,apj,,Mount Knivur,Talismon and Bork,Fantasy,,,"wayhaven,12n,leave,8n,4e,6n,13w,2n,path","path,2s,13e,6s,4w,8s,enter,12s",,,
270,apk,,Mount Perplexus,Mischief and Keeble,Fantasy,,,,,,,
419,apl,,Mouse House,Ryft,Chaos,,,"chaos,n,w","e,s",,,
265,apm,,Mouse Trails Cottage,Mischief,Chaos,,,"chaos,2e,s,e","w,n,2w",,,
487,apn,,MP3 CD,Stelari,Chaos,,,"chaos,3w,2s,listen cd",,,,
440,apo,,Mt. Silvermoon,Seiger,Fantasy,,,,,,,
441,app,,Mt. Silvermoon Graveyard,Seiger,Fantasy,,,,,,,
41,apq,,MTV Studio,Bilbo,Newbieland,,,"bin,4s,u,3n,enter mirror 5","return,3s,d,4n",,,
157,apr,,Mud Puddle,Glorfindel,Chaos,,,"chaos,(find mud puddle)",,,,
266,aps,chickenplant,Murdock Chicken Plant,Mischief,Science,,,"science,u,4n,d,9n,20e,enter","leave,20w,9s,u,4s,d",,,
556,apt,,Murky Swamps,Tharog,Chaos,,,,,,,
53,apu,murus,Murus Faralain,Bran,Fantasy,,,"wayhaven,12w,leave,4w,10n.5w","5e,10s,4e,enter,12e",,,
219,apv,,Mutation Experimentation Lab (DEFUNCT),Kintax,Science,,,,,,,
135,apw,,Mystic Forest,Eliot,Chaos,,,"chaos,3e,2s,2e,n,3e,2n","2s,3w,s,2w,2n,3w",,,
288,apx,,Naiad Lair,Morin,Fantasy,,,,,,,
493,apy,,NASTAR,Stercus,Science,,,,,,,
253,apz,,Necromancer's Lair,Lostar,Fantasy,,,,,,,
188,aqa,,Nethack,Infiniti,Chaos,,,"chaos,3e,n,climb staircase",,,,
512,aqb,,New World Fitness,Talimar,Newbieland,,,"bin,4s,u,3n,enter mirror 3","return,3s,d,4n",,,
480,aqc,,New York City,Sorva,Science,,,,,,,
89,aqd,,Newbie Academy,Damo,Newbieland,,,,,,,
661,aqe,,Newbie Farm,Watson,Newbieland,,,"bin,4s,u,n,nw,enter mirror 1","hole,se,s,d,4n",,,
134,aqf,,Newbie Forest,Elana and Vivianne,Newbieland,,,"bin,4s,u,n,nw,enter mirror 3","hole,se,s,d,4n",,,
346,aqg,,Newbie Hell,Pfunk,Newbieland,,,"bin,4s,u,2n,enter mirror 4","climb,2s,d,4n",,,
125,aqh,,Newbieland Transportation Center (DEFUNCT),Dynon,Newbieland,,,(none),(none),,Defunct,
488,aqi,,Night of Colour,Stelari,Chaos,,,"chaos,n,climb up",,,,
100,aqj,,Nomad Camp,Dayln,Fantasy,,,,,,,
347,aqk,,Norgrith Manor,Pfunk,Fantasy,,,,,,,
345,aql,,NYPD,Pfunk,Science,,,,,,,
420,aqm,,"NYT, Pinnacle Branch (DEFUNCT)",Ryft,Pinnacle,,,(none),(none),,,
5,aqn,,O'Hare International Airport,Alerik,Science,,,,,,,
241,aqo,,Oasis in the Badlands,Lipscom,Science,,,,,,,
542,aqp,,Obsidian Tower,Tensor,Fantasy,,,,,,,
309,aqq,,Resource Crisis,Nanook,Newbieland,,,"bin,4s,u,n,enter mirror 3","return,s,d,4n",,"Called ""Oil Field"" on arealist",
621,aqr,,Oil Storage Cave,Ulme,Science,,,,,,,
35,aqs,,OJ Cow's Apartment,Bake,Chaos,,,,,,,
622,aqt,,Old Guard Tower,Ulme,Science,,,,,,,
430,aqu,,Old London,"Samiel, Heroin and Crowley",Chaos,,,"chaos,3e,3n","3s,3w",,,
605,aqv,,Old MacDonald's Farm,Tuesdai,Chaos,,,"chaos,4s,w","e,4n",,,
513,aqw,,Old Storyteller's Cabin,Talimar,Fantasy,,,,,,,
521,aqx,,Old Subway Station,Talismon and Outlaw,Science,,,,,,,
146,aqy,,Old Woman in the Shoe,Foggie,Chaos,,,"chaos,2s,open book,read chapter 1",,,,
461,aqz,,Orc Tunnel,Skinless,Fantasy,,,,,,,
462,ara,,Orc Village,Skinless,Fantasy,,,,,,,
220,arb,,Otyugh Cave,Kintax,Chaos,,,,,,,
650,arc,,Overgrown Fields,Vraal,Fantasy,,,,,,,
650N,ard,,Overgrown Fields,Vraal,Newbieland,,,,,,,
107,are,,Overlands,Distortion,Fantasy,,,,,,,
57,arf,,Pandaemonium,Briareos,Chaos,,,"chaos,4w,e,s,w,s,2e,2n,enter pool","u,w,s,2w,n,e,n,2w,3e",,,
186,arg,,Patisserie,Indium,Science,,,,,,,
19,arh,,Peasant Farm,Arrion and Craid,Newbieland,,,"bin,4s,u,2n,enter mirror 3",hole,,,
677,ari,,Pegasus Port,Zetron and Lagman,Fantasy,,,"wayhaven,12n,leave,8n,4e,6n,8w,2n,path","path,2s,8e,6s,4w,8s,enter,12s",,,
662,arj,,Petting Zoo,Watson,Chaos,,,,,,,
59,ark,,PG's,Caelestis,Chaos,,,,,,,
672,arl,,Phantom Ship,Xiola,Fantasy,,,,,,,
47,arm,,Physics Lab,Blizzard,Chaos,,,"chaos,4w,e,s,e",,,,
583,arn,,Pinnacle,Tiro and Cletus,Pinnacle,,,cot,(none),,,
211,aro,,Pinnacle Bank Vault,Kikipopo,Pinnacle,,,"cot,2n,d","u,2s",,,
286,arp,,Pinnacle Candy Store,Monte,Pinnacle,,,"cot,n,w,2n,nw","se,2s,e,s",,,
133,arq,,Pinnacle Law Office,Elana,Pinnacle,,,"cot,n,w,n,w","e,s,e,s",,,
578,arr,,Pinnacle Sewers,Tiro,Pinnacle,,,"cot,n,2e,2n,enter manhole","u,2s,2w,s",,,
398,ars,,Pinnacle Sports Bar,Rodney,Pinnacle,,,"cot,2s,sw","ne,2n",,,
80,art,,Pittsburgh,Cletus,Science,,,,,,,
176,aru,,Poker Room,Hefford,Pinnacle,,,"cot,2s,u,n","s,d,2n",,,
???,arv,polife,Portal of Life,Keeble,Fantasy,,,"wayhaven,15e,leave,8e,n,portal","portal,s,8w,enter,15w",,,
68,arw,,Portentous Shoppe,Casso,Fantasy,,,,,,,
557,arx,,Prehistoric Earth,Tharog,Chaos,,,,,,,
472,ary,,Prismatia's Cavern,Slister,Fantasy,,,,,,,
466,arz,,Public Restrooms,Slick,Pinnacle,,,"cot,s,w,3s,e,s,e,se","nw,w,n,w,3n,e,n",,,
362,asa,,Pulp Fiction,Ploppy,Chaos,,,"chaos,3e,2s,2e,s,2w,buy 3,theatre,n",,,Need information about how to get out,
383,asb,pmill,Puppy Mill,Rastafan,Chaos,Y,Y,"chaos,2w,n,follow tracks",,,,
90,asc,,Purana's Cave,Damo,Fantasy,,,,,,,
543,asd,,Pyron,Tensor,Fantasy,,,,,,,
221,ase,,R'lyeh,Kintax,Chaos,,,,,,,
384,asf,,Rabbit Fields,Rastafan,Fantasy,,,"wayhaven,15e,leave,e,se,8e,se,s","n,nw,8w,nw,w,enter,15w",,,
329,asg,,Radioactive Sewer,Orthas,Chaos,,,"chaos,2e,3n,d",,,,
158,ash,,Ralintaro's Tower,Glorfindel,Fantasy,,,,,,,
158N,asi,,Ralintaro's Tower,Glorfindel,Newbieland,,,"bin,4s,u,2n,enter mirror 3",hole,,,
544,asj,,Rampart,Tensor,Fantasy,,,,,,,
545,ask,ravenloft,Ravenloft,Tensor,Fantasy,,,"wayhaven,15e,leave,4e,2ne,n,2ne,3e,s","n,3w,2sw,s,2sw,4w,enter,15w",,,
546,asl,,Ravenloft Castle,Tensor,Fantasy,,,,,,,
547,asm,,Ravenloft of the Past,Tensor,Fantasy,,,,,,,
463,asn,,Realm of the Marsh Goblins,Skinless,Fantasy,,,,,,,
637,aso,verbeeg,Realm of the Verbeeg,Vexorg,Fantasy,,,"wayhaven,12n,leave,8n,4e,17n","17s,4w,8s,enter,12s",,,
310,asp,,Red Barchetta,Nanook,Chaos,,,"chaos,4w,e,s,w,s,3e,enter,ne,n,press play",,,,
558,asq,,Red Creek,Tharog,Chaos,,,,,,,
245,asr,,Redneck Trailer,Lorderon,Science,,,,,,,
189,ass,,Refugee House,Infiniti,Science,,,,,,,
203,ast,,Rich Mansion,Karde,Fantasy,,,"wayhaven,7w,3n,3e,s,enter","leave,n,3w,3s,7e",,,
559,asu,rimalkin,Rimalkin Cave,Tharog,Fantasy,,,"wayhaven,12n,leave,8n,4e,6n,7w,s,enter","leave,n,7e,6s,4w,8s,enter,12s",,,
561,asv,,Rimalkin Cave 2.0,Tharog and Takamori,Fantasy,,,,,,,
467,asw,,Roc's Nest,Slick,Fantasy,,,,,,,
638,asx,,Rock Pile,Vexorg,Fantasy,,,,,,,
568,asy,,Rocky Hill,Thyros,Fantasy,,,,,,,
372,asz,,Rocky Mountainside,Polsy,Science,,,,,,,
172,ata,,ROTC,Hayt,Chaos,,,"chaos,3e,2s,2e,n,3e,s,w,n",,,,
643,atb,,Ruined Barn,Vivianne,Science,,,,,,,
119,atc,,Ruined Bunker,Druss,Science,,,,,,,
446,atd,,Newbie Cathedral,Serpentine,Newbieland,,,"bin,4s,u,2n,enter mirror 4",hole,,"Called ""Ruined Cathedral"" on arealist",
246,ate,,Ruined Mage School,Lorderon,Fantasy,,,"wayhaven,12n,leave,8n,4e,6n,7w,3n,enter","leave,3s,7e,6s,4w,8s,enter,12s",,,
436,atf,,Ruined Reactor,Scrubby,Science,,,,,,,
13,atg,,Ryogi-Pei,Aneki,Fantasy,,,,,,,
442,ath,,Samantha's Cathedral,Seiger,Fantasy,,,,,,,
484,ati,,Samurai Showdown,Steel,Science,,,"science,u,3n,w,push start",,,,
276,atj,,Sandman's Oasis,Mithrandir,Science,,,,,,,
196,atk,,Sarkath Khan,Johnny,Fantasy,,,,,,,
374,atl,,Satellite Tracking Station,Quicksilver,Science,,,,,,,
91,atm,,Scavenger Hunt Game Room,Damo,Pinnacle,,,"cot,2s,u,e","w,d,2n",,,
651,atn,,Schloss Mordenheim,Vraal,Fantasy,,,,,,,
159,ato,,Schroedinger's Lab,Glorfindel,Science,,,"science,u,4n,d,n,w,n,enter",,,,
357,atp,,Science Wastelands,Pistil,Science,,,,,,,
458,atq,,Scorpion caves,Skeet,Fantasy,,,"wayhaven,12w,leave,11w,enter","leave,11e,enter,12e",,,
74,atr,,Sea Cliffs,Cirrus,Fantasy,,,,,,,
75,ats,,Seahaven,Cirrus,Fantasy,,,"wayhaven,12n,leave,8n,7e,14n,2e,n,e,n","s,w,s,2w,14s,7w,8s,enter,12s",,,
232,att,,Seinfeld Studio Set,Koronin,Chaos,,,"chaos,3e,2s,2e,n,enter","leave,s,2w,2n,3w",,,
55,atu,,Serinth,Bran and Timescape,Fantasy,,,,,,,
673,atv,,Sesame Street,Xiola,Chaos,,,"chaos,2w,s","n,2e",,,
449,atw,,Shadow Dragon Lair,Shadow,Fantasy,,,,,,,
36,atx,,Shadow Tree,Bake,Fantasy,,,,,,,
548,aty,,Shadowborn Manor,Tensor,Fantasy,,,,,,,
676,atz,,Shady Oaks Asylum,Zetron,Chaos,,,"chaos,w,3n","3s,e",,,
385,aua,,Shansabyk's Castle,Rastafan,Fantasy,,,,,,,
678,aub,,Shaolin Temple,Zhaoyun,Fantasy,,,,,,,
505,auc,,Silicon Caverns,Takamori,Chaos,,,,,,,
318,aud,,Silicon Wraiths HQ,Nermal,Science,,,,,,,
339,aue,,Silversmith,Peeron,Fantasy,,,,,,,
489,auf,,Sin City,Stelari,Chaos,,,,,,,
443,aug,,Sin'Jun's Cave,Seiger,Fantasy,,,,,,,
199,auh,smiley,Smileyland,Joker,Chaos,,,"chaos,w,s,smile",,,,
684,aui,smurfs,Smurfland,Zoom,Chaos,Y,Y,"chaos,e,s",,,Dungeon only scales after scaler level 100,
653,auj,,Snake Pit,Vraal and Rampage,Fantasy,,,,,,,
267,auk,,Snowbeast Lair,Mischief,Fantasy,,,,,,,
190,aul,,Solarpeak,Ink,Fantasy,,,,,,,
72,aum,,SolChem,Chrome,Science,,,,,,,
564,aun,,Space Simulator,Thumpson,Science,,,,,,,
284,auo,,Spaceport,Miyurachi and Lagman,Chaos,,,"chaos,2s,ride comet",,,,
326,aup,,Sphinx,Olower,Fantasy,,,,,,,
348,auq,,Spire,Pfunk,Fantasy,,,,,,,
86,aur,,Spooky Pines,Crossbone,Chaos,,,"chaos,(find flag)",,,,
423,aus,,Spring of Kierlanai,Safeire,Fantasy,,,,,,,
444,aut,,St. Elmo's Grave,Seiger,Fantasy,,,,,,,
639,auu,,Starbucks Coffee,Vishnu,Chaos,,,"chaos,3e,2s,2e,n,3e,n,2w,3n,w","e,3s,2e,s,3w,s,2w,2n,3w",,,
18,auv,,Starcraft,Arrion,Newbieland,,,"bin,4s,u,n,enter mirror 1","hole,s,d,4n",,,
20,auw,,Starcraft:Broodwar,Arrion and Kikipopo,Science,,,,,,,
549,aux,,Starship Battle (sim),Tensor,Pinnacle,,,"cot,2s,d,2s,w","e,2n,u,2n",,,
108,auy,,Steel Factory (CLOSED),Distortion,Science,,,,,,,
569,auz,,Stetstar Station,Thyros,Newbieland,,,"bin,4s,u,2n,enter mirror 6",out,,,
588,ava,,Stormrock Castle,Toasty,Fantasy,,,,,,,
494,avb,,Stranger's Treehouse,Stranger,Chaos,,,,,,,
330,avc,,Struggling Realities,Orthas,Chaos,,,,,,,
257,avd,,Subway Sandwich Shop,Malaclypse,Science,,,,,,,
283,ave,,Summerset Warrens,Miyurachi,Chaos,,,"chaos,4w,e,n,w,push fence","push fence,e,s,2w,3e",,,
514,avf,,Supply Shuttle,Talimar,Science,,,,,,,
277,avg,,Swamp Lake,Mithrandir,Science,,,,,,,
623,avh,,Swamp Tunnel,Ulme,Science,,,,,,,
278,avi,,Swede Research Center,Mithrandir,Science,,,,,,,
331,avj,,Sweetboots House,Paradigm,Chaos,,,"chaos,3e,2s,2e,n,3e,n,2w,3n",,,,
120,avk,,Symbearn Crypt,Druss,Fantasy,,,,,,,
663,avl,,Talbo's Forest Home,Watson,Fantasy,,,,,,,
506,avm,,Tao Te Cheng,Takamori,Chaos,,,"chaos,4w,e,s,w,s,3e,enter,nw,n,read book",,,,
550,avn,,Taslen,Tensor,Fantasy,,,,,,,
459,avo,,Teek's Island,Skeet,Fantasy,,,,,,,
652,avp,,Teenage Mutant Ninja Turtles Sewer,Vraal,Chaos,,,"chaos,3e,2s,2e,2n,hole",,,,
397,avq,,Temple of Alythra,Riekl,Fantasy,,,,,,,
377,avr,,Temple of Drackonus,Rampage and Vraal,Fantasy,,,,,,,
421,avs,,Temple of Kourlyn,Ryft,Fantasy,,,,,,,
656,avt,,Temple of Light,Wain,Fantasy,,,,,,,
490,avu,,Temple of Rauthgar,Stelari,Fantasy,,,,,,,
183,avv,,Temple of Syrinx,Igor,Science,,,,,,,
358,avw,,Temple of the Zombie God,Pistil,Fantasy,,,,,,,
391,avx,,Tencho,Renfield and Nanook,Chaos,,,"chaos,2w,2n,gate","gate,4s,2e",,,
386,avy,,The Abyss,Rastafan,Fantasy,,,,,,,
427,avz,,The Amazon Research Center,Samiel,Science,,,"science,u,4n,d,5n,9e,clearing","leave,9w,5s,u,4s,d",,,
390,awa,,The Barbarian Plains,Razorx,Fantasy,,,,,,,
160,awb,,The Big Red Shoe,Glorfindel,Chaos,,,"chaos,(find A big red shoe)",,,,
30,awc,,The Black Case,Ath,Chaos,,,,,,,
311,awd,booknook,The Book Nook,Nanook,Chaos,,,"chaos,4w,e,s,w,s,3e","3w,n,e,n,2w,3e",,,
579,awe,,The Chronicles of Thomas Covenant,Tiro,Chaos,,,"chaos,4w,e,s,w,s,read book","s,n,e,n,2e,3e",,,
387,awf,,The Dragon Realms,Rastafan,Fantasy,,,,,,,
468,awg,,The Dragonbone Chair,Slick,Chaos,,,,,,,
388,awh,underdark,The Drow Kingdom of fe dar Shad,Rastafan,Fantasy,,,"wayhaven,15e,leave,e,se,8e,se,7s,2w","2e,7n,nw,8w,nw,w,enter,15w",,,
341,awi,,The Enchanged Kingdom,Petrov,Chaos,,,,,,,
644,awj,,The Fern Man,Vivianne,Science,,,,,,,
624,awk,,The Golden Hawk Bar,Ulme,Newbieland,,,"bin,4s,u,n,enter mirror 4",return,,,
495,awl,,The Great Getaway,Stu,Pinnacle,,,"cot,2s,d","u,2n",,,
37,awm,,The Green Lion,Balthus,Fantasy,,,,,,,
409,awn,isleao,The Isle of Ao,Rumor,Fantasy,,,"wayhaven,7w,8s,e,ao",,,,
???,awo,land,The Land,Tiro,Chaos,,,"chaos,3e,2s,2e,4n,break arch,say land","portal,4s,2w,2n,3w",,,
???,awp,land2,The Land v2.0,Tiro,Chaos,,,"chaos,3e,2s,2e,4n,break arch,say land2","portal,4s,2w,2n,3w",,,
148,awq,,The Library of Elandra,Fubger,Fantasy,,,,,,,
83,awr,,The Lost Submarine,Crolack,Science,,,,,,,
300,aws,,The Lost Village of Willothorn,Muzicchik,Fantasy,,,,,,,
200,awt,,The Magic Fungus,Jr,Chaos,,,"chaos,(find magnifying glass)",,,,
580,awu,,The Mews,Tiro,Fantasy,,,,,,,
507,awv,,The Mission of Kecyc,Takamori,Fantasy,,,,,,,
581,aww,,The Outhouse,Tiro,Chaos,,,,,,,
322,awx,,The Para-elemental Plane of Soy,Olfin,Chaos,,,"chaos,3n,w,n,5w,s,enter box",,,,
312,awy,,The Phantom of the Opera,Nanook,Chaos,,,"chaos,4w,e,s,w,s,3e,enter,nw,2n,sit down",,,,
496,awz,,The Pinnacle Casino,Stu,Pinnacle,,,"cot,2s,d,3n","3s,u,2n",,,
126,axa,,The Pinnacle Humidor,Dynon,Pinnacle,,,"cot,2s,e","w,2n",,,
450,axb,,The Plane of Fire,Shadow,Fantasy,,,,,,,
551,axc,,The Planes of Hell,Tensor,Fantasy,,,,,,,
410,axd,princessbride,The Princess Bride,Rumor,Chaos,,,"chaos,4w,e,s,w,s,3e,enter,climb staircase","d,4w,n,e,n,2w,3e",,"Once you sail from the docks, you'll have to fight Inigo (~325k) and Fezzik (~250k) and a handful of smaller pirates to return.",
508,axe,,The Queen of Hearts' Garden,Takamori,Chaos,,,"chaos,3e,4s,touch card",,,,
509,axf,,The Queen of Hearts' Garden 2.0,Takamori,Chaos,,,,,,,
491,axg,,The Sausage Dimensions,Stelari,Chaos,,,"chaos,2e,smack frankfurter",,,,
428,axh,,The Secret of Nimh,Samiel,Chaos,,,"chaos,3e,5s,press play",,,,
111,axi,,The Simpsons,Doh and Lostar,Chaos,,,"chaos,(find Chaos TV)",(exit through Bart's computer),,,
606,axj,,The Soda Jerk,Tuesdai,Chaos,,,"chaos,n,shop","out,s",,,
39,axk,,The Tabard Inn,Barrayani,Chaos,,,,,,,
109,axl,,The Ten Commandments,Distortion,Chaos,,,,,,,
8,axm,,The Tomb of Belzer Stonefoot,Amish,Fantasy,,,,,,,
129,axn,,The Tree of Life,Eek and Beefcake,Chaos,,,,,,,
562,axo,,The Wreck of Stormbringer,Theseus,Fantasy,,,,,,,
510,axp,,The Zodiac,Takamori,Chaos,,,,,,,
434,axq,,Theatre Des Vampires,Santiago,Chaos,,,,,,,
394,axr,,Theatre of Souls,Requiem,Fantasy,,,,,,,
429,axs,,Thistlebeard's Galleon,Samiel,Fantasy,,,"wayhaven,7w,9s,board",,,,
94,axt,,Toddler House,Darwi,Chaos,,,,,,,
69,axu,,Tomb of Almoni Ploni,Chewbacon and Bebe,Fantasy,,,,,,,
481,axv,,Tomb of Horrors (DEFUNCT),Sorva,Fantasy,,,,,,,
121,axw,,Tomb of King Alaren,Druss,Fantasy,,,,,,,
271,axx,,Tomb of Rutha-Al,Mischief and Kintax,Fantasy,,,,,,,
411,axy,,Tookwich,Rumor,Fantasy,,,,,,,
675,axz,,Tornado,Zair,Chaos,,,"chaos,3e,2s,e,s","n,w,2n,3w",,,
81,aya,,Tower of Arcanarton,Cletus,Fantasy,,,"wayhaven,12n,leave,8n,4e,6n,11w,s,sw,trail","trail,ne,n,11e,6s,4w,8s,enter,12s",,,
313,ayb,,Tower of Fire,Nanook,Fantasy,,,"wayhaven,12w,leave,2w,6s,e,se,4e,ne,enter tower","leave,sw,4w,nw,w,6n,2e,enter,12e",,,
314,ayc,,Tower of Frost,Nanook,Fantasy,,,"wayhaven,12n,leave,8n,7e,14n,2e,n,2e,ne","sw,2w,s,2w,14s,7w,8s,enter,12s",,,
54,ayd,,Tower of Miritar,Bran,Fantasy,,,,,,,
143,aye,,Tower of Pak-Tor,Flaxen,Fantasy,,,,,,,
130,ayf,,Tower of the Grand Summoner,Eek and Beefcake,Fantasy,,,,,,,
254,ayg,,Tower Of The Moon,Lostar,Fantasy,,,,,,,
424,ayh,,Tower of Vindaes,Safeire,Fantasy,,,,,,,
279,ayi,,Toxic Waste Dump,Mithrandir,Science,,,,,,,
645,ayj,,Toxic Waste Site,Vivianne,Science,,,,,,,
280,ayk,,Toy Factory,Mithrandir,Chaos,,,"chaos,4w,e,n,w,n,jump pool,w,enter sleigh","back,e,jump pool,s,e,s,2w,3e",,,
473,ayl,,Toy Store,Smoof,Science,,,,,,,
667,aym,,Toy Store,Woof,Chaos,,,"chaos,2s,e","w,2n",,,
552,ayn,,Treant Forest,Tensor,Fantasy,,,,,,,
296,ayo,,Trivia Room,Mos,Pinnacle,,,"cot,2s,u","d,2n",,,
395,ayp,,Troll Alliance,Requiem,Fantasy,,,,,,,
657,ayq,,Troll Bridge,Wain,Fantasy,,,,,,,
290,ayr,,Troll Caves,Morkin,Fantasy,,,"wayhaven,12n,leave,8n,6e,15n,enter","leave,15s,6w,8s,enter,12s",,,
340,ays,,Troll Den,Peeron,Fantasy,,,,,,,
669,ayt,,Troll Forest,Xanthil,Fantasy,,,,,,,
32,ayu,,Troll Hunter's Cabin,Aztec,Fantasy,,,,,,,
681,ayv,,Tunnels of the Rohm Giddor,Zimpor,Fantasy,,,,,,,
236,ayw,,Twelve Dancing Princesses,Lauranna,Chaos,,,"chaos,4w,e,s,w,s,3e,enter,nw,recline",,,,
175,ayx,,UED Installation,Heath,Science,,,,,,,
166,ayy,,Ultimate Tournament,Green,Chaos,,,,,,,
62,ayz,,Undead Keep,Cailet,Newbieland,,,"bin,4s,u,2n,enter mirror 2",hole,,,
607,aza,,Underwood Disease Testing Center,Tuesdai,Science,,,,,,,
95,azb,,Used Car Lot,Darwi,Chaos,,,,,,,
654,azc,,Uslopta's Tower,Vryce,Fantasy,,,,,,,
654N,azd,,Uslopta's Tower,Vryce,Newbieland,,,"bin,4s,u,3n,enter mirror 4",out,,,
553,aze,,USS Enterprise (TNG),Tensor,Science,,,,,,,
563,azf,,Valley of Forests and Glaciers,Thorin,Fantasy,,,,,,,
234,azg,,Valley of the Tribes,Kwuteg,Science,,,,,,,
131,azh,,Van Richten Manor,Eek and Beefcake,Fantasy,,,,,,,
608,azi,veggiegarden,Veggie Garden,Tuesdai,Chaos,,,"chaos,3e,s,w","e,n,3w",,,
519,azj,,Vidarian Planet,Talismon,Chaos,,,,,,,
396,azk,,Voodoo Scavengers,Requiem,Science,,,,,,,
25,azl,,Waldo's House,Aserena,Chaos,,,"chaos,4w,2e",,,,
501,azm,,Walled Lake Central High School,Syd and Arrion,Chaos,,,"chaos,2n,e,enter mist,onward",,,,
625,azn,,Wandering Refrigerator,Ulme,Chaos,,,"chaos,(find Refrigerator)",,,,
554,azo,,War Game!,Tensor,Pinnacle,,,"cot,2s,d,2s,e","w,2n,u,2n",,,
180,azp,,"Warhammer 40,000",Horus,Science,,,,,,,
646,azq,,Warner Bros Inuit Village,Vivianne,Chaos,,,"chaos.3e,2s,2e,n,e,n",,,,
674,azr,,Water Tower,Xiola,Science,,,,,,,
349,azs,,Wax Museum,Pfunk,Science,,,,,,,
582,azt,,Wayhaven,Tiro and Blackstaff,Fantasy,,,,,,,
683,azu,,Wayhaven Arena,Zix,Fantasy,,,"wayhaven,4n,e","w,4s",,,
528,azv,,Wayhaven Docks,Tarin,Fantasy,,,"wayhaven,7w,8s","8n,7e",,,
425,azw,,Wayhaven Lovers,Safeire,Fantasy,,,,,,,
609,azx,,Wayhaven Shops,Tuesdai,Fantasy,,,,,,,
453,azy,,Weather Station,Shadowlotus,Science,,,,,,,
112,azz,,Whorehouse,Doh and Rumor,Science,,,"science,u,4n,d,18n,25e,4n,e,bridge,e,n,w","e,s,bridge,2w,4s,25w,18s,u,4s,d",,,
3,baa,,Windraker Manor,Adalius,Fantasy,,,"wayhaven,7w,3n,e,enter","exit,w,3s,7e",,,
610,bab,pooh,Winnie the Pooh,Tuesdai,Chaos,,,"chaos,4w,e,open chest","out,2w,3e",,,
4,bac,,Winter Wonderland,Alayna,Fantasy,,,"wayhaven,12n,leave,8n,7e,14n,e,2n,path","path,2s,w,14s,7w,8s,enter,12s",,,
212,bad,,Witch Coven,Kino,Fantasy,,,,,,,
629,bae,,Wizard Gallery,Various,Pinnacle,,,,,,,
359,baf,,Woodsman's Cottage,Pistil,Fantasy,,,,,,,
447,bag,,Woodsman's Hut,Serpentine,Fantasy,,,,,,,
93,bah,,Worm's Talon Airship Docks,Darrkin,Fantasy,,,"wayhaven,12w,leave,3w,5s,dock","leave,5n,3e,enter,12e",,,
560,bai,,Wormhole Laboratory,Tharog,Chaos,,,"chaos,3s,2s,2e,n,3e,s,enter",,,,
184,baj,,WWF Ring,Igor and Edroman,Chaos,,,"chaos,4w,e,s,w,s,3e,enter,nw,n,browse magazine",,,,
84,bak,,X1S17 Stealth Tank,Crolack,Science,,,,,,,
242,bal,,Xanth Swamp,Lipscom,Chaos,,,"chaos,3s,2s,2e,n,3e,s,w,s","n,e,n,3w,s,2w,2n,3w",,,
412,bam,,Xaxis,Rumor,Fantasy,,,"wayhaven,12w,leave,12w,s,rent carpet","hop on carpet,n,12e,enter,12e",,,
350,ban,zelligars,Zelligar's Castle,Pfunk,Fantasy,Y,Y,"wayhaven,12w,leave,3w,4n,enter","leave,4s,3e,enter,12e",,,
33,bao,,Zippo Showcase,Aztec,Chaos,,,"chaos,n,pop door",,,,
299,bap,,Zith-el,Mosiah,Fantasy,,,,,,,
478,baq,,Zosimus's House,Solo,Fantasy,,,,,,,
???,bar,,Bell Tower,Tuesdai,Fantasy,,,(none),(none),,Area  has multiple entrances around Wayhaven,
???,bar,,Seacave,Cirrus,Fantasy,,,"wayhaven,12w,leave,2w,6s,e,2se","2nw,w,6n,2e,enter,12e",,,
???,bas,,Bear Cave,Jux,Fantasy,,,"wayhaven,12n,leave,8n,7e,14n,e,3n","3s,2,14s,7w,8s,enter,12s",,,
???,bat,,Rampage,Rampage,Fantasy,,,"wayhaven,12n,leave,8n,4e,6n,8w,2n,path","path,2n,8e,6s,4w,8s,enter,12s",,,
N/A,naa,goodpool,A pool of water (Mystic Forest),Eliot,Chaos,,,"chaos,3e,2s,2e,n,3e,4n,ne,n,nw,2sw","2ne,se,s,sw,4s,3w,s,2w,2n,3w",,"""swim pond"" will raise your alignment to ""nice"".  You may need to kill a single mob to update your alignment",
N/A,nab,tigger,Tigger's Branch (Winnie the Pooh),Tuesdai,Chaos,,,"chaos,4w,e,open chest,2n,3e,5n,8w,5s,2w,climb branch","d,2e,5n,8e,5s,3w,2s,out,2w,3e",,Drops Ring of Speed (+3 dex),
N/A,nac,cyberpope,Cyperpope (Atlanta),Cletus,Science,,,"science,u,4n,d,7n,18e,road,s,2e,n,e,5n,2w,3n,u","d,3s,2e,5s,w,s,2w,2n,18w,7s,u,4s,d",,Drops various decent armor pieces,
N/A,nad,wayhavenwell,Great Well of Crenda,Koronin,Fantasy,,,"wayhaven,7w,3n,w,8n,w,n,climb well,3d","4u,s,e,8s,e,3s,7e",,Crimson pieces drop here,
N/A,nae,winds,Doriendor Corishev (The Land),Tiro,Chaos,,,"chaos,3e,2s,2e,4n,break arch,say land,w,2nw,3n,e,nw,w,6s,2w,n,w","u,e,s,2e,6n,e,se,w,4s,e,se,e,portal,4s,2w,2n,3w",,Translucent pieces,
N/A,naf,winds2,Doriendor Corishev (The Land v2.0),Tiro,Chaos,,,"chaos,3e,2s,2e,4n,break arch,say land2,w,2nw,3n,e,nw,w,6s,2w,n,w","u,e,s,2e,6n,e,se,w,4s,e,se,e,portal,4s,2w,2n,3w",,Translucent pieces,
N/A,oaa,eforest,East Forest Portal,,Fantasy,,,"wayhaven,15e,leave,4e,2ne,n,2ne,3e","3w,2sw,s,2sw,4w,enter,15w",,,
N/A,yaa,priests,Priest's Guild,,Fantasy,,,"wayhaven,7w,3s,4e","4w,3n,7e",,,
N/A,yba,changelings,Changeling's Guild,,Pinnacle,,,"cot,n,w,2n,e,n,w,enter","out,e,s,w,2s,e,s",,,
N/A,yca,juggernauts,Juggernaut's Guild,,Science,,,"science,u,4n,d,25n,13w,nw","se,13e,25s,u,4s,d",,,